sample,code,station,site_name,type,lat,long,trench,lat_proj,province,simpl_prov,plate,region,geol_prov,rocks,volcano,anions,cations,alt,temp,mmhg,do,spc,ph,fnu,hum,temp_amb,dic,dic_d13,doc,doc_d13,toc,toc_d13,tc,tc_d13,tn,tn_d15,co2,he,h2,o2,ar,n2,ch4,co2_d13,rc_ra,X,co2_he3,cells_flu,low_pah,hi_pah,pah,ah,prot,cho,lip,cha,feo,cpe,al_ac,cr_ac,mn_ac,fe_ac,ni_ac,cu_ac,zn_ac,cd_ac,ag_ac,co_ac,f,cl,so4,h2s,br,no3,po4,li,na,nh4,k,mg,ca,si,al_s,cr_s,mn_s,fe_s,ni_s,cu_s,zn_s,cd_s,ag_s
DCO_LLO_Bv4v5..BRF1_BR170218_1,BR,BR170218_1,Blue River Spring 1,F,10.89837,-85.32839,173.6942085364,9.4605581588247,arc,arc,smooth,guanacaste,4,QPV,Ri,gw,g2,437,59,724,41,5995,6.16,NA,71.5,31.1,9.56,0.23,0.8,-11.16,1.646881,-25.7456328,0.5746944,-14.7835752,0.0236155,-10.1229962,946.9,0.00748,0.00046,2.5919,1.28277,47.54107,1.71451,-3.66,6.524674796,32.291473414,13635960891.0674,1100000,60.3,16,76.3,146.8,2.41,1.31,39.74,0,0,0,0.6796165463,0.4554397685,41.29364408,10.15977247,9.306990517,0.09124381798,0.3355623507,0.002906261886,0.005796074991,0.02465552312,0.020541578947368,29.0267707,4.230057232,0.05,0.01753425,0,0.001300210526,0.03108857143,9.281077826,0,3.034424552,11.56015267,5.854645387,39.228,1.6,1.3,3286.5,403.7,1.6,11,15.7,0.075,0.12
DCO_LLO_Bv4v5..BRF2_BR170218_2,BR,BR170218_2,Blue River Spring 2,F,10.89837,-85.32853,173.683521241298,9.46064666238196,arc,arc,smooth,guanacaste,4,QPV,Ri,gw,g2,434,53.8,724.5,7,5755,5.87,NA,67,32.7,9.31,0.96,0.89,-10.75,1.2419807,-28.3057564,2.2865734,-24.4030145,0.1462832,-2.2807007,NA,NA,NA,NA,NA,NA,NA,NA,6.524674796,32.291473414,13635960891.0674,1200000,8.2,5.6,13.8,168.7,15.69,NA,14.29,2.88451377778414,0,2.88451377778414,0.6690971106,0.4649618113,39.05607182,12.06780678,8.893085926,0.08265877435,0.2234029671,0.002177091092,0.005455381613,0.01743926757,0,16.75222,3.716773049,0.05,0.009033625,0,0.001540315789,0.01865142857,5.524147391,0.0001266666667,1.746733248,6.754381481,5.449088529,46.7,2.4,0.9,833.5,403.2,2.1,14.1,7,0.199,0.15
DCO_LLO_Bv4v5..BRS1_BR170218_1,BR,BR170218_1,Blue River Spring 1,S,10.89837,-85.32839,173.6942085364,9.4605581588247,arc,arc,smooth,guanacaste,4,QPV,Ri,gw,g2,437,59,724,41,5995,6.16,NA,71.5,31.1,9.56,0.23,0.8,-11.16,1.646881,-25.7456328,0.5746944,-14.7835752,0.0236155,-10.1229962,946.9,0.00748,0.00046,2.5919,1.28277,47.54107,1.71451,-3.66,6.524674796,32.291473414,13635960891.0674,1100000,60.3,16,76.3,146.8,2.41,1.31,39.74,0,0,0,0.6796165463,0.4554397685,41.29364408,10.15977247,9.306990517,0.09124381798,0.3355623507,0.002906261886,0.005796074991,0.02465552312,0.020541578947368,29.0267707,4.230057232,NA,0.01753425,0,0.001300210526,0.03108857143,9.281077826,0,3.034424552,11.56015267,5.854645387,39.228,1.6,1.3,3286.5,403.7,1.6,11,15.7,0.075,0.12
DCO_LLO_Bv4v5..BRS2_BR170218_2,BR,BR170218_2,Blue River Spring 2,S,10.89837,-85.32853,173.683521241298,9.46064666238196,arc,arc,smooth,guanacaste,4,QPV,Ri,gw,g2,434,53.8,724.5,7,5755,5.87,NA,67,32.7,9.31,0.96,0.89,-10.75,1.2419807,-28.3057564,2.2865734,-24.4030145,0.1462832,-2.2807007,NA,NA,NA,NA,NA,NA,NA,NA,6.524674796,32.291473414,13635960891.0674,1200000,8.2,5.6,13.8,168.7,15.69,NA,14.29,2.88451377778414,0,2.88451377778414,0.6690971106,0.4649618113,39.05607182,12.06780678,8.893085926,0.08265877435,0.2234029671,0.002177091092,0.005455381613,0.01743926757,0,16.75222,3.716773049,NA,0.009033625,0,0.001540315789,0.01865142857,5.524147391,0.0001266666667,1.746733248,6.754381481,5.449088529,46.7,2.4,0.9,833.5,403.2,2.1,14.1,7,0.199,0.15
DCO_LLO_Bv4v5..CYF_CY170214,CY,CY170214,Rio Cayuco,F,10.287497,-84.955524,140.907121604744,9.12120203253831,forearc,forearc,smooth,forearc,3,TV,f,gw,g3,184,72,742.9,26.7,5821,6.31,4.4,55,NA,5.24,-4.99,1.82,-7.78,0.2467956,-23.2067987,9.2372675,3.4653422,0.0396424,0.3991181,994.9,0,0.00139,1.11783,0.08422,3.90521,0.0018,-2.4,0.594258722,1.241912081,180700699695.072,NA,6.5,5.1,11.6,64.4,3.56,1.91,3.8,0,0,0,1.584266567,0.4823738713,3.932629565,6.642227237,5.910537378,0.1740889645,0.2726497554,0.002343758639,0.0104913935,0.0523178735,0.153907368421053,15.43938394,4.418429969,0.05,0.005762,0.03620548387,0.00181,0.1397042857,18.30385261,0.09306666667,0.8131575448,0.9733975309,3.413439152,23.35,45.9,10.7,1167.5,66.2,17.3,55.9,97.9,0.218,1.17
DCO_LLO_Bv4v5..CYS_CY170214,CY,CY170214,Rio Cayuco,S,10.287497,-84.955524,140.907121604744,9.12120203253831,forearc,forearc,smooth,forearc,3,TV,f,gw,g3,184,72,742.9,26.7,5821,6.31,4.4,55,NA,5.24,-4.99,1.82,-7.78,0.2467956,-23.2067987,9.2372675,3.4653422,0.0396424,0.3991181,994.9,0,0.00139,1.11783,0.08422,3.90521,0.0018,-2.4,0.594258722,1.241912081,180700699695.072,NA,6.5,5.1,11.6,64.4,3.56,1.91,3.8,0,0,0,1.584266567,0.4823738713,3.932629565,6.642227237,5.910537378,0.1740889645,0.2726497554,0.002343758639,0.0104913935,0.0523178735,0.153907368421053,15.43938394,4.418429969,NA,0.005762,0.03620548387,0.00181,0.1397042857,18.30385261,0.09306666667,0.8131575448,0.9733975309,3.413439152,23.35,45.9,10.7,1167.5,66.2,17.3,55.9,97.9,0.218,1.17
DCO_LLO_Bv4v5..EPF_EP170215,EP,EP170215,Espabel,F,9.901885,-85.454327,74.291955570348,9.28706152250684,outer_forearc,forearc,smooth,forearc,1,JSFB,f,iw,g2,NA,26.4,748,4,198.2,9.99,2.1,NA,NA,0.55,-21.57,0.22,-25.48,3.1,-27.89,1.4,-26.74,0.06,0.11,0,0,0.08637,29.17423,24.56759,942.35128,3.82052,NA,NA,NA,NA,NA,9.9,4.3,14.2,48.1,2.37,7.47,4.69,0.894300180662066,0.18156,0.656720120441377,12.38269197,0.5271898232,0.2223330844,0.7714089387,0.1222138885,0.0319198432,0.07786737175,0.0002395835978,0.007667604737,0.03247313786,0.005211578947368,0.2339501408,0.03004984391,0.05,0,0.04682032258,0.0005838947368,0.0005971428571,1.248731739,0.001283888889,0.03935780051,0.4939938272,0.4751009975,NA,70.1,229.9,1665.1,122.2,118.1,159.9,144.4,0.292,0.98
DCO_LLO_Bv4v5..EPS_EP170215,EP,EP170215,Espabel,S,9.901885,-85.454327,74.291955570348,9.28706152250684,outer_forearc,forearc,smooth,forearc,1,JSFB,f,iw,g2,NA,26.4,748,4,198.2,9.99,2.1,NA,NA,0.55,-21.57,0.22,-25.48,3.1,-27.89,1.4,-26.74,0.06,0.11,0,0,0.08637,29.17423,24.56759,942.35128,3.82052,NA,NA,NA,NA,NA,9.9,4.3,14.2,48.1,2.37,7.47,4.69,0.894300180662066,0.18156,0.656720120441377,12.38269197,0.5271898232,0.2223330844,0.7714089387,0.1222138885,0.0319198432,0.07786737175,0.0002395835978,0.007667604737,0.03247313786,0.005211578947368,0.2339501408,0.03004984391,NA,0,0.04682032258,0.0005838947368,0.0005971428571,1.248731739,0.001283888889,0.03935780051,0.4939938272,0.4751009975,NA,70.1,229.9,1665.1,122.2,118.1,159.9,144.4,0.292,0.98
DCO_LLO_Bv4v5..ESF9_ES_F9,ES,ES170215_1,Estrada,F,9.899005,-85.453514,74.0822378089719,9.28591743779851,outer_forearc,forearc,smooth,forearc,1,JSFB,f,iw,g3,122,27.9,749.4,48.3,226.7,9.75,3.1,65.5,30.6,1.14,-17.98,1.57,-24.18,NA,NA,NA,NA,NA,NA,NA,NA,NA,NA,NA,NA,NA,NA,NA,NA,NA,27800,NA,NA,NA,NA,NA,NA,NA,NA,NA,NA,1.962744255,0.506125822,0.03944191919,0.686488501,0.07543438077,0.01844597423,0.06472062397,0.0001562500553,0.006330455833,0.02645958764,0.011016842105263,1.06332,0.1559355879,0.05,0.00053175,0.08072983871,0.0007451578947,0.0002214285714,2.292455652,0.5920227778,0.1396800512,0.03817489712,0.3075261845,NA,NA,NA,NA,NA,NA,NA,NA,NA,NA
DCO_LLO_Bv4v5..ETF_ET170220,ET,ET170220_1,Eco Thermales 1,F,10.484006,-84.675853,173.292857994931,9.04954184211008,arc,arc,smooth,guanacaste,4,QPI,Ar,gw,g2,368,40,728.6,13.4,1911,6.06,4.4,74.9,28.3,NA,NA,NA,NA,1.0475886,-28.6769596,1.640584,-27.4539505,0.1579822,8.5690342,NA,NA,NA,NA,NA,NA,NA,NA,NA,NA,NA,51600,18.6,0.9,19.5,77,NA,NA,NA,NA,NA,NA,1.151346489,0.5780944083,38.00010641,1.60518005,2.381214776,0.05591920691,0.2050641716,0.004822942808,0.00400163227,0.03187178271,0,8.156303099,1.547502393,NA,0.002444875,0.05326258065,0.003135263158,0.01258857143,4.294620435,0,0.65172711,3.635083951,1.748588529,47.634,114.6,38.4,3434,57.6,36,227.9,100.6,0.826,1.5
DCO_LLO_Bv4v5..ETS_ET170220,ET,ET170220_1,Eco Thermales 1,S,10.484006,-84.675853,173.292857994931,9.04954184211008,arc,arc,smooth,guanacaste,4,QPI,Ar,gw,g2,368,40,728.6,13.4,1911,6.06,4.4,74.9,28.3,NA,NA,NA,NA,1.0475886,-28.6769596,1.640584,-27.4539505,0.1579822,8.5690342,NA,NA,NA,NA,NA,NA,NA,NA,NA,NA,NA,51600,18.6,0.9,19.5,77,NA,NA,NA,NA,NA,NA,1.151346489,0.5780944083,38.00010641,1.60518005,2.381214776,0.05591920691,0.2050641716,0.004822942808,0.00400163227,0.03187178271,0,8.156303099,1.547502393,NA,0.002444875,0.05326258065,0.003135263158,0.01258857143,4.294620435,0,0.65172711,3.635083951,1.748588529,47.634,114.6,38.4,3434,57.6,36,227.9,100.6,0.826,1.5
DCO_LLO_Bv4v5..FAF_FA170219,FA,FA170219_1,Finca Ande,F,10.336843,-85.069499,139.599114914529,9.18137580701466,forearc,forearc,smooth,forearc,3,TV,f,gw,g3,109,55.2,748.3,10.3,5500,5.93,20,41.7,36.7,NA,NA,NA,NA,1.227636,-26.4655491,2.9632385,-19.1040767,0.1860918,2.1176549,995.1,0.00031,0.0014,0.25019,0.06626,4.51895,0.01853,-1.36,4.361179156,14.142887639,897781603307.736,1310000,23.5,13.2,36.6,273.5,4.65,47.63,2.5,4.34223772610899,0,4.34223772610899,1.625030713,0.4872303891,21.69209465,5.809076106,5.995884237,0.184986885,0.3592809139,0.0006979182484,0.006269783427,0.02225010415,0.019291052631579,20.36802141,6.187449844,0.05,0.007893375,0.02576387097,0.002933684211,0.2528128571,25.03894217,3.566246111,1.669922762,1.666677366,2.660672319,NA,6.6,6.2,2320.8,360.5,9.2,30.2,900.5,0.024,0.45
DCO_LLO_Bv4v5..FAS_FA170219,FA,FA170219_1,Finca Ande,S,10.336843,-85.069499,139.599114914529,9.18137580701466,forearc,forearc,smooth,forearc,3,TV,f,gw,g3,109,55.2,748.3,10.3,5500,5.93,20,41.7,36.7,NA,NA,NA,NA,1.227636,-26.4655491,2.9632385,-19.1040767,0.1860918,2.1176549,995.1,0.00031,0.0014,0.25019,0.06626,4.51895,0.01853,-1.36,4.361179156,14.142887639,897781603307.736,1310000,23.5,13.2,36.6,273.5,4.65,47.63,2.5,4.34223772610899,0,4.34223772610899,1.625030713,0.4872303891,21.69209465,5.809076106,5.995884237,0.184986885,0.3592809139,0.0006979182484,0.006269783427,0.02225010415,0.019291052631579,20.36802141,6.187449844,NA,0.007893375,0.02576387097,0.002933684211,0.2528128571,25.03894217,3.566246111,1.669922762,1.666677366,2.660672319,NA,6.6,6.2,2320.8,360.5,9.2,30.2,900.5,0.024,0.45
DCO_LLO_Bv4v5..MTF_MT170219,MT,MT170219,Mouse Trap,F,10.595774,-85.238451,152.55404828658,9.33303178937156,arc,arc,smooth,guanacaste,4,QPI,Mi,gw,g3,166,59.1,746.5,12.4,6150,6.32,7,47,35.65,21.7,3.55,1.66,-7.38,0.24926,-24.0510152,1.2467601,-4.654307,0.0218419,3.5772341,988.3,0.00023,0.00011,2.25954,0.16528,8.50821,0.74033,-0.84,3.574919441,5.575516189,685366161984.385,75500,10.9,15.6,26.5,31.3,2.85,0.9,1.45,0,0,0,4.752919524,0.5192686416,4.37736151,1.020672847,0.9492957684,0.2839291323,0.4788849234,0.001593754971,0.006379460532,0.02525687793,0.014486842105263,34.42172028,0.1403609781,0.05,0.019460875,0,0.001264210526,0.3251257143,34.23772957,0,1.062670077,0.1257711934,0.6963835411,45.766,90.4,17.5,927.7,41.3,18.3,53.7,106.8,0.253,1.04
DCO_LLO_Bv4v5..PFF_PF170224,PF,PF170222,Pompilo's finca,F,10.518466,-84.11518,202.082141511925,8.84558682642053,backarc,backarc,rough,backarc,6,QDF,b,iw,g4,53,28.7,754.3,4.3,3726,5.81,187.6,57.4,34,23.72,1.24,1.16,-5.15,1.6602958,-25.1447405,3.7682868,-24.0904081,0.3022001,2.9612289,997.6,NA,0.00025,0.47037,0.04483,1.8926,0.01771,-3.64,1.720275214,1.301630026,37393730178425.1,1000000,56.8,5.5,62.4,225.8,16.29,14.85,3.46,18.878954809931,0,18.878954809931,1.372101799,0.5586677396,50.82270609,8.36717384,3.683564902,0.1067494481,0.3123565216,0.0006354180521,0.003915295622,0.377054253,0,17.49594873,0.1823808533,NA,0.0109635,0,0.0006977894737,0.006154285714,12.38368609,0,1.104799488,6.313354733,0.809657606,68.182,147.2,34.1,674.1,218.3,25.1,196.6,148.4,0.243,2.08
DCO_LLO_Bv4v5..PFS_PF170222,PF,PF170222,Pompilo's finca,S,10.518466,-84.11518,202.082141511925,8.84558682642053,backarc,backarc,rough,backarc,6,QDF,b,iw,g4,53,28.7,754.3,4.3,3726,5.81,187.6,57.4,34,23.72,1.24,1.16,-5.15,1.6602958,-25.1447405,3.7682868,-24.0904081,0.3022001,2.9612289,997.6,NA,0.00025,0.47037,0.04483,1.8926,0.01771,-3.64,1.720275214,1.301630026,37393730178425.1,1000000,56.8,5.5,62.4,225.8,16.29,14.85,3.46,18.878954809931,0,18.878954809931,1.372101799,0.5586677396,50.82270609,8.36717384,3.683564902,0.1067494481,0.3123565216,0.0006354180521,0.003915295622,0.377054253,0,17.49594873,0.1823808533,0.05,0.0109635,0,0.0006977894737,0.006154285714,12.38368609,0,1.104799488,6.313354733,0.809657606,68.182,147.2,34.1,674.1,218.3,25.1,196.6,148.4,0.243,2.08
DCO_LLO_Bv4v5..PGF_PG170224,PG,PG172224,Poas Volcano Laguna,F,10.188962,-84.227388,163.901335159098,8.83228096907908,arc,arc,rough,poas,4,QPV,Po,vl,g1,NA,NA,NA,NA,NA,NA,NA,NA,NA,NA,NA,NA,NA,0.1531187,-28.9067464,0.5364759,-28.3843072,0.0372921,-3.0693443,NA,NA,NA,NA,NA,NA,NA,NA,NA,NA,NA,75800,6.8,4.2,11,17.4,3.8,1.06,3.02,1.18300954283927,0,1.18300954283927,NA,NA,NA,NA,NA,NA,NA,NA,NA,NA,NA,NA,NA,0.05,NA,NA,NA,NA,NA,NA,NA,NA,NA,NA,NA,NA,NA,NA,NA,NA,NA,NA,NA
DCO_LLO_Bv4v5..PGS_PG170224,PG,PG172224,Poas Volcano Laguna,S,10.188962,-84.227388,163.901335159098,8.83228096907908,arc,arc,rough,poas,4,QPV,Po,vl,g1,NA,NA,NA,NA,NA,NA,NA,NA,NA,NA,NA,NA,NA,0.1531187,-28.9067464,0.5364759,-28.3843072,0.0372921,-3.0693443,NA,NA,NA,NA,NA,NA,NA,NA,NA,NA,NA,75800,6.8,4.2,11,17.4,3.8,1.06,3.02,1.18300954283927,0,1.18300954283927,NA,NA,NA,NA,NA,NA,NA,NA,NA,NA,NA,NA,NA,NA,NA,NA,NA,NA,NA,NA,NA,NA,NA,NA,NA,NA,NA,NA,NA,NA,NA,NA,NA
DCO_LLO_Bv4v5..PLS_PL170224,PL,PL170224,Poas Volcano lake,S,10.196777,-84.229892,164.52240974635,8.83495279679573,arc,arc,rough,poas,4,QPV,Po,vl,g1,2334,37.6,589.6,46.6,91900,0.85,250,NA,NA,0.86,-2.97,0.57,-20.66,0.0226216,-22.1303128,0.0038383,1.1829,NA,NA,971.2,0.00792,7.37495,0.10442,0.09272,5.20434,0.00048,NA,NA,NA,NA,3110,6.4,3,9.3,46.1,2.49,NA,3.48,0,2.36028,-2.91017641436326,52,2.096462251,145.7421328,113.1002195,16.0532882,0.08678120416,7.310236881,0.06649270318,0.1344737322,1.597294276,0,109.7164054,99.21702685,7.2,0.033465,0,0,0.006504285714,3.361191739,0.02071111111,1.5951711,4.852382305,18.08279626,NA,9.6,2,62.2,3.3,1.2,59,6.6,0.135,0.71
DCO_LLO_Bv4v5..QHF2_QH170212_2,QH,QH170213_2,Quepos Hotsprings 2,F,9.56171,-84.123251,106.11774199329,8.68345115928678,forearc,forearc,rough,forearc,1,CSS,f,dcl,g3,298,48.7,733.4,2.5,4100,8.53,3,83,25.2,0.1,-9.93,0.17,-27.58,7.1291951,-22.7558114,21.3400042,-21.261915,3.2305294,-17.1690988,0,0.00527,0.00287,0.30103,0.4101,23.4689,0.04669,NA,3.102987901,27.016097915,NA,3040000,NA,NA,NA,NA,NA,NA,NA,NA,NA,NA,4.369162092,0.5079602285,0.4988312713,1.829645625,2.505139462,0.1091486356,0.06581423931,0.0009479190858,0.004753002002,0.01984468563,0.239206315789474,14.64322479,0.948314256,3.2,0.0071385,0.05062935484,0.0004303157895,0.006888571429,10.70151348,0.04985777778,0.135086445,0.02203045267,2.200692269,9.34,72.4,199.2,787.2,68,72.9,102.5,106.1,0.316,1.15
DCO_LLO_Bv4v5..QHS1_QH170213_1,QH,QH170213_1,Quepos Hotsprings 1,S,9.56171,-84.123251,106.11774199329,8.68345115928678,forearc,forearc,rough,forearc,1,CSS,f,dcl,g3,298,48.7,733.4,2.5,4100,8.53,3,83,25.2,0.1,-9.93,0.17,-27.58,7.1291951,-22.7558114,21.3400042,-21.261915,3.2305294,-17.1690988,0,0.00527,0.00287,0.30103,0.4101,23.4689,0.04669,NA,3.102987901,27.016097915,NA,3040000,NA,NA,NA,NA,NA,NA,NA,NA,NA,NA,4.201559718,0.5035597527,0.1775163077,5.729705502,5.443732716,0.1499329997,0.1289671492,0.001197920007,0.004865008588,0.02585823277,0.202046315789474,25.21208028,2.057644017,NA,0.012274625,0.09562903226,0.0005325263158,0.01170285714,17.02247261,2.348051667,0.2274800512,0.02465720165,4.858632668,11.675,NA,NA,NA,NA,NA,NA,NA,NA,NA
DCO_LLO_Bv4v5..QHS2_QH170213_2,QH,QH170213_2,Quepos Hotsprings 2,S,9.561575,-84.123468,106.09441067604,8.68350929645749,forearc,forearc,rough,forearc,1,CSS,f,dcl,g3,300,36.7,733.3,47.3,2692,8.69,2.3,NA,NA,0.11,-17.98,0.22,-22.37,0.9625883,-29.8194801,4.1944778,-27.9711664,0.8514057,-20.4254502,NA,NA,NA,NA,NA,NA,NA,NA,2.784002057,42.360660164,NA,NA,NA,NA,NA,NA,NA,NA,NA,NA,NA,NA,4.369162092,0.5079602285,0.4988312713,1.829645625,2.505139462,0.1091486356,0.06581423931,0.0009479190858,0.004753002002,0.01984468563,0.239206315789474,14.64322479,0.948314256,20.7,0.0071385,0.05062935484,0.0004303157895,0.006888571429,10.70151348,0.04985777778,0.135086445,0.02203045267,2.200692269,9.34,72.4,199.2,787.2,68,72.9,102.5,106.1,0.316,1.15
DCO_LLO_Bv4v5..QNF_QN170220,QN,QN170220,Quebrada naranja,F,10.495573,-84.696714,173.681669706351,9.05788845137252,arc,arc,rough,guanacaste,4,QPI,Ar,iw,g1,429,22.9,720.3,84,196.7,5.6,87,NA,NA,2.81,-1.95,0.42,-13.82,0.2045144,-24.643724,0.3030315,-21.4826104,0.0255055,0.4795519,926.4,0.00427,0.00354,0.77759,0.10627,8.08608,64.67717,-2.76,4.89149281,1.820948932,40666504402.2662,186000,20.6,8.9,29.5,112.7,7.7,1.25,1.12,0,0,0,1.944983923,0.5739095116,4.110804951,1.047733179,0.7912181161,0.02649858349,0.1626398038,0.000677084849,0.004881342907,0.03608126934,0,0.3128501408,0.02948772112,0.05,0,0.03859596774,0.001112,0,0.46353,0.519565,0.1191851662,0.2939415638,0.7302600998,23.817,79.9,35.5,1273.4,259.8,20.2,81.8,87.7,0.063,0.58
DCO_LLO_Bv4v5..QNS_QN170220,QN,QN170220,Quebrada naranja,S,10.495573,-84.696714,173.681669706351,9.05788845137252,arc,arc,rough,guanacaste,4,QPI,Ar,iw,g1,429,22.9,720.3,84,196.7,5.6,87,NA,NA,2.81,-1.95,0.42,-13.82,0.2045144,-24.643724,0.3030315,-21.4826104,0.0255055,0.4795519,926.4,0.00427,0.00354,0.77759,0.10627,8.08608,64.67717,-2.76,4.89149281,1.820948932,40666504402.2662,186000,20.6,8.9,29.5,112.7,7.7,1.25,1.12,0,0,0,1.944983923,0.5739095116,4.110804951,1.047733179,0.7912181161,0.02649858349,0.1626398038,0.000677084849,0.004881342907,0.03608126934,0,0.3128501408,0.02948772112,NA,0,0.03859596774,0.001112,0,0.46353,0.519565,0.1191851662,0.2939415638,0.7302600998,23.817,79.9,35.5,1273.4,259.8,20.2,81.8,87.7,0.063,0.58
DCO_LLO_Bv4v5..RSS_RS170216,RS,RS170216,Ranchero etl Salitral,S,10.232331,-85.531602,99.4296908696483,9.40942299322849,outer_forearc,forearc,smooth,forearc,2,QA,f,gw,g3,82,29.4,753.1,5.6,273.1,9.96,2,63.3,32.2,0.25,-16.04,0.3,-24.55,1.1900778,-27.6394389,1.4260331,-27.0295283,0.0955933,2.195146,0,0,0.22825,106.49979,24.29833,868.27984,0.6938,NA,2.65618889425,30.67258933475,1181184941.61419,361000,330,209,539,94.7,10.69,2.35,3.61,1.71862976936435,0,1.71862976936435,14.17343058,0.571250198,0.2932440451,0.6458062352,0.08657330307,0.02774864055,0.06092788407,0.0004062507108,0.005462382134,0.03547991402,0.007140526315789,0.6473185915,0.06500863684,0.05,0.000614875,0,0.0007668421053,0,1.603995652,0.008457777778,0.0184258312,0.01088395062,0.08401446384,25.685,73.7,199.9,1865.4,102.9,110.8,138.5,145.9,0.34,1.29
DCO_LLO_Bv4v5..SIS_SI170217,SI,SI170217,El Sitio,S,10.301239,-85.610549,99.6364205201121,9.47661828954692,outer_forearc,forearc,smooth,forearc,1,QA,f,iw,g3,36,35.9,757.8,36.2,3469,9.83,2.7,40.6,34.5,2.24,-6.43,0.4,-18.27,4.4480836,-27.4905224,5.9599208,-26.6606266,0.3527617,1.6772048,67.4,0.08551,0.00342,4.01363,10.80001,917.73416,0,NA,0.392890805,5.045994072,2173955349.6088,18800,13.8,9,22.8,92,11.21,7.99,11.97,46.3943794490264,0,46.3943794490264,5.597937981,0.5133702201,0.8379068072,0.779351736,0.1198227677,0.03094213961,0.1047432291,0.0006979182484,0.00563506202,0.03487855873,0.010515263157895,0.6368552113,0.03013100937,57.8,0.00035475,0.02674822581,0.0007331578947,0.00034,1.11079087,0,0.03014731458,0.02273539095,0.1492406484,33.157,74.1,100.3,1065.7,64.3,55.8,69.5,96.6,0.245,0.73
DCO_LLO_Bv4v5..SLF_SL170214,SL,SL170214,Santa Lucia,F,10.290599,-84.972435,140.30086794004,9.12932338108621,forearc,forearc,smooth,forearc,3,TV,f,iw,g3,165,57,741.9,22,2824,6.12,7,50.2,35,5.69,-5.28,6.29,-0.65,3.1447098,-28.5585865,4.1881535,-26.3071606,0.2397089,0.6315914,NA,NA,NA,NA,NA,NA,NA,NA,3.84,34.7,101000000000,NA,89.5,1565.6,1655.1,78.7,18.08,13.29,3.94,0,0,0,3.168042248,0.5283095691,1.431007095,4.682016968,3.105185261,0.06126558105,0.1289671492,0.002135424211,0.00728255746,0.0306690725,0.081581052631579,3.52374338,5.019929032,0.05,0.0017215,0.02654467742,0.001474631579,0.07198285714,11.83016174,0.3100688889,0.5385846547,1.074779424,2.738534414,26.619,70,44.6,761.3,153.8,36,72.2,165.3,0.235,0.69
DCO_LLO_Bv4v5..SLS_SL170214_S,SL,SL170214,Santa Lucia,S,10.290599,-84.972435,140.30086794004,9.12932338108621,forearc,forearc,smooth,forearc,3,TV,f,iw,g3,165,57,741.9,22,2824,6.12,7,50.2,35,5.69,-5.28,6.29,-0.65,3.1447098,-28.5585865,4.1881535,-26.3071606,0.2397089,0.6315914,NA,NA,NA,NA,NA,NA,NA,NA,3.84,34.7,101000000000,NA,89.5,1565.6,1655.1,78.7,18.08,13.29,3.94,0,0,0,3.168042248,0.5283095691,1.431007095,4.682016968,3.105185261,0.06126558105,0.1289671492,0.002135424211,0.00728255746,0.0306690725,0.081581052631579,3.52374338,5.019929032,NA,0.0017215,0.02654467742,0.001474631579,0.07198285714,11.83016174,0.3100688889,0.5385846547,1.074779424,2.738534414,26.619,70,44.6,761.3,153.8,36,72.2,165.3,0.235,0.69
DCO_LLO_Bv4v5..STS_ST170223,ST,ST170223,Santa Theresa,S,10.002942,-83.827507,164.110397508183,8.64453948526637,arc,arc,rough,poas,4,QPV,Ir,gw,g1,2209,55.8,585.6,4.7,2725,4.51,3.5,56,26.6,9.94,-3.88,0.81,-11.4,NA,NA,NA,NA,NA,NA,187.3,0,0.02684,0.81927,0.48182,19.49214,0.00442,NA,NA,NA,NA,638000,NA,NA,NA,NA,NA,NA,NA,NA,NA,NA,NA,NA,NA,NA,NA,NA,NA,NA,NA,NA,NA,NA,NA,0.5,NA,NA,NA,NA,NA,NA,NA,NA,NA,NA,NA,NA,NA,NA,NA,NA,NA,NA,NA
DCO_LLO_Bv4v5..TCF_TC170221,TC,TC170221,El Tucano site,F,10.366486,-84.381208,172.668521924567,8.93719867936466,arc,arc,smooth,poas,4,QPV,Pl,gw,g3,553,60,718,18.7,3500,6.24,8.8,82.7,25.1,13.57,-2.36,1.07,-7.94,5.0443663,-28.1660008,10.4543971,-27.5149659,0.9231362,6.3482766,965.4,0.01025,0.00027,0.22967,0.62935,32.74274,0.94095,-4.54,6.567437499,76.539148558,24030181238.2879,51600,94.8,71.7,166.5,133.5,31.35,73.82,39.91,-19.9049404114231,19.9049404114231,0,0.9766151589,0.6710610076,7.407716018,1.236510741,1.847175862,0.1405313639,0.365682016,0.002052090456,0.003679620819,0.02826365241,0,18.53446676,0.05892986472,0.05,0.012649125,0.04803645161,0.001310210526,0.05299428571,12.95616565,1.325659444,1.313599488,2.286909053,1.059998753,44.832,112.8,61.7,2243.4,118.1,34.3,255.5,532.1,0.587,1.78
DCO_LLO_Bv4v5..TCS_TC170221_2,TC,TC170221,El Tucano site,S,10.366486,-84.381208,172.668521924567,8.93719867936466,arc,arc,smooth,poas,4,QPV,Pl,gw,g3,553,60,718,18.7,3500,6.24,8.8,82.7,25.1,13.57,-2.36,1.07,-7.94,5.0443663,-28.1660008,10.4543971,-27.5149659,0.9231362,6.3482766,965.4,0.01025,0.00027,0.22967,0.62935,32.74274,0.94095,-4.54,6.567437499,76.539148558,24030181238.2879,51600,94.8,71.7,166.5,133.5,31.35,73.82,39.91,-19.9049404114231,19.9049404114231,0,0.9766151589,0.6710610076,7.407716018,1.236510741,1.847175862,0.1405313639,0.365682016,0.002052090456,0.003679620819,0.02826365241,0,18.53446676,0.05892986472,NA,0.012649125,0.04803645161,0.001310210526,0.05299428571,12.95616565,1.325659444,1.313599488,2.286909053,1.059998753,44.832,112.8,61.7,2243.4,118.1,34.3,255.5,532.1,0.587,1.78
DCO_LLO_Bv4v5..VCS_VC170218,VC,VC170218,Blue River Volcancito,S,10.897847,-85.326461,173.795471797414,9.45919660888363,arc,arc,smooth,guanacaste,4,QPV,Ri,gw,g2,436,59.8,724.5,17.1,6132,5,NA,71.3,29,6.13,-1.28,1,-10.22,0.3254736,-18.2390064,0.4823759,-6.7290496,0.0212435,-5.7658384,925.1,0.01846,0.00616,0.3363,1.27331,71.21107,2.02196,-4.17,6.880123347,50.474732491,5107035031.64925,2320000,23.1,2.8,25.9,181.3,0.72,2.54,1.04,1.08958254807897,0,1.08958254807897,0.526655332,0.4887535605,43.16693495,9.319398034,7.897110226,0.0885149756,0.18684214,0.003135429997,0.005261701003,0.02525687793,0.006398947368421,27.06923465,4.652690531,0.05,0.011980375,0.03863209677,0.001424,0.02751714286,8.551337826,1.037713333,2.766016113,10.71958025,7.377290274,37.36,0.9,0.6,515.6,407.9,1.5,1.9,5.9,0.004,0.09
